{"First Dataset":[{"buenas":1661656212442,"btbeet":{"id":1661641547656,"name":"btbeet","dataType":{"type":"CUSTOM","code":"function getValue(){\r\n    console.log(this.id, this.buenas)\r\n    return 'Buenas'}","codeType":"JAVASCRIPT"},"isPosibleNull":false,"isArray":false},"id":"Veronica"},{"buenas":1661656212491,"btbeet":{"id":1661641547656,"name":"btbeet","dataType":{"type":"CUSTOM","code":"function getValue(){\r\n    console.log(this.id, this.buenas)\r\n    return 'Buenas'}","codeType":"JAVASCRIPT"},"isPosibleNull":false,"isArray":false},"id":"Laverne"},{"buenas":1661656212530,"btbeet":{"id":1661641547656,"name":"btbeet","dataType":{"type":"CUSTOM","code":"function getValue(){\r\n    console.log(this.id, this.buenas)\r\n    return 'Buenas'}","codeType":"JAVASCRIPT"},"isPosibleNull":false,"isArray":false},"id":"Jan"},{"buenas":1661656212558,"btbeet":{"id":1661641547656,"name":"btbeet","dataType":{"type":"CUSTOM","code":"function getValue(){\r\n    console.log(this.id, this.buenas)\r\n    return 'Buenas'}","codeType":"JAVASCRIPT"},"isPosibleNull":false,"isArray":false},"id":"Jackie"},{"buenas":1661656212583,"btbeet":{"id":1661641547656,"name":"btbeet","dataType":{"type":"CUSTOM","code":"function getValue(){\r\n    console.log(this.id, this.buenas)\r\n    return 'Buenas'}","codeType":"JAVASCRIPT"},"isPosibleNull":false,"isArray":false},"id":"Vivian"},{"buenas":1661656212603,"btbeet":{"id":1661641547656,"name":"btbeet","dataType":{"type":"CUSTOM","code":"function getValue(){\r\n    console.log(this.id, this.buenas)\r\n    return 'Buenas'}","codeType":"JAVASCRIPT"},"isPosibleNull":false,"isArray":false},"id":"Rosemary"},{"buenas":1661656212627,"btbeet":{"id":1661641547656,"name":"btbeet","dataType":{"type":"CUSTOM","code":"function getValue(){\r\n    console.log(this.id, this.buenas)\r\n    return 'Buenas'}","codeType":"JAVASCRIPT"},"isPosibleNull":false,"isArray":false},"id":"Kara"},{"buenas":1661656212646,"btbeet":{"id":1661641547656,"name":"btbeet","dataType":{"type":"CUSTOM","code":"function getValue(){\r\n    console.log(this.id, this.buenas)\r\n    return 'Buenas'}","codeType":"JAVASCRIPT"},"isPosibleNull":false,"isArray":false},"id":"Pam"},{"buenas":1661656212669,"btbeet":{"id":1661641547656,"name":"btbeet","dataType":{"type":"CUSTOM","code":"function getValue(){\r\n    console.log(this.id, this.buenas)\r\n    return 'Buenas'}","codeType":"JAVASCRIPT"},"isPosibleNull":false,"isArray":false},"id":"Dawn"},{"buenas":1661656212693,"btbeet":{"id":1661641547656,"name":"btbeet","dataType":{"type":"CUSTOM","code":"function getValue(){\r\n    console.log(this.id, this.buenas)\r\n    return 'Buenas'}","codeType":"JAVASCRIPT"},"isPosibleNull":false,"isArray":false},"id":"Kristen"},{"buenas":1661656212715,"btbeet":{"id":1661641547656,"name":"btbeet","dataType":{"type":"CUSTOM","code":"function getValue(){\r\n    console.log(this.id, this.buenas)\r\n    return 'Buenas'}","codeType":"JAVASCRIPT"},"isPosibleNull":false,"isArray":false},"id":"Josephine"},{"buenas":1661656212743,"btbeet":{"id":1661641547656,"name":"btbeet","dataType":{"type":"CUSTOM","code":"function getValue(){\r\n    console.log(this.id, this.buenas)\r\n    return 'Buenas'}","codeType":"JAVASCRIPT"},"isPosibleNull":false,"isArray":false},"id":"Donna"},{"buenas":1661656212762,"btbeet":{"id":1661641547656,"name":"btbeet","dataType":{"type":"CUSTOM","code":"function getValue(){\r\n    console.log(this.id, this.buenas)\r\n    return 'Buenas'}","codeType":"JAVASCRIPT"},"isPosibleNull":false,"isArray":false},"id":"Alyssa"},{"buenas":1661656212786,"btbeet":{"id":1661641547656,"name":"btbeet","dataType":{"type":"CUSTOM","code":"function getValue(){\r\n    console.log(this.id, this.buenas)\r\n    return 'Buenas'}","codeType":"JAVASCRIPT"},"isPosibleNull":false,"isArray":false},"id":"Jill"},{"buenas":1661656212805,"btbeet":{"id":1661641547656,"name":"btbeet","dataType":{"type":"CUSTOM","code":"function getValue(){\r\n    console.log(this.id, this.buenas)\r\n    return 'Buenas'}","codeType":"JAVASCRIPT"},"isPosibleNull":false,"isArray":false},"id":"Bertha"},{"buenas":1661656212824,"btbeet":{"id":1661641547656,"name":"btbeet","dataType":{"type":"CUSTOM","code":"function getValue(){\r\n    console.log(this.id, this.buenas)\r\n    return 'Buenas'}","codeType":"JAVASCRIPT"},"isPosibleNull":false,"isArray":false},"id":"Natalie"},{"buenas":1661656212846,"btbeet":{"id":1661641547656,"name":"btbeet","dataType":{"type":"CUSTOM","code":"function getValue(){\r\n    console.log(this.id, this.buenas)\r\n    return 'Buenas'}","codeType":"JAVASCRIPT"},"isPosibleNull":false,"isArray":false},"id":"Kerry"},{"buenas":1661656212874,"btbeet":{"id":1661641547656,"name":"btbeet","dataType":{"type":"CUSTOM","code":"function getValue(){\r\n    console.log(this.id, this.buenas)\r\n    return 'Buenas'}","codeType":"JAVASCRIPT"},"isPosibleNull":false,"isArray":false},"id":"Krystal"},{"buenas":1661656212900,"btbeet":{"id":1661641547656,"name":"btbeet","dataType":{"type":"CUSTOM","code":"function getValue(){\r\n    console.log(this.id, this.buenas)\r\n    return 'Buenas'}","codeType":"JAVASCRIPT"},"isPosibleNull":false,"isArray":false},"id":"Leigh"},{"buenas":1661656212924,"btbeet":{"id":1661641547656,"name":"btbeet","dataType":{"type":"CUSTOM","code":"function getValue(){\r\n    console.log(this.id, this.buenas)\r\n    return 'Buenas'}","codeType":"JAVASCRIPT"},"isPosibleNull":false,"isArray":false},"id":"Jean"},{"buenas":1661656212951,"btbeet":{"id":1661641547656,"name":"btbeet","dataType":{"type":"CUSTOM","code":"function getValue(){\r\n    console.log(this.id, this.buenas)\r\n    return 'Buenas'}","codeType":"JAVASCRIPT"},"isPosibleNull":false,"isArray":false},"id":"Adrienne"},{"buenas":1661656212974,"btbeet":{"id":1661641547656,"name":"btbeet","dataType":{"type":"CUSTOM","code":"function getValue(){\r\n    console.log(this.id, this.buenas)\r\n    return 'Buenas'}","codeType":"JAVASCRIPT"},"isPosibleNull":false,"isArray":false},"id":"Alicia"},{"buenas":1661656212993,"btbeet":{"id":1661641547656,"name":"btbeet","dataType":{"type":"CUSTOM","code":"function getValue(){\r\n    console.log(this.id, this.buenas)\r\n    return 'Buenas'}","codeType":"JAVASCRIPT"},"isPosibleNull":false,"isArray":false},"id":"Jaime"},{"buenas":1661656213013,"btbeet":{"id":1661641547656,"name":"btbeet","dataType":{"type":"CUSTOM","code":"function getValue(){\r\n    console.log(this.id, this.buenas)\r\n    return 'Buenas'}","codeType":"JAVASCRIPT"},"isPosibleNull":false,"isArray":false},"id":"Dora"},{"buenas":1661656213034,"btbeet":{"id":1661641547656,"name":"btbeet","dataType":{"type":"CUSTOM","code":"function getValue(){\r\n    console.log(this.id, this.buenas)\r\n    return 'Buenas'}","codeType":"JAVASCRIPT"},"isPosibleNull":false,"isArray":false},"id":"Leona"},{"buenas":1661656213052,"btbeet":{"id":1661641547656,"name":"btbeet","dataType":{"type":"CUSTOM","code":"function getValue(){\r\n    console.log(this.id, this.buenas)\r\n    return 'Buenas'}","codeType":"JAVASCRIPT"},"isPosibleNull":false,"isArray":false},"id":"Leona"},{"buenas":1661656213080,"btbeet":{"id":1661641547656,"name":"btbeet","dataType":{"type":"CUSTOM","code":"function getValue(){\r\n    console.log(this.id, this.buenas)\r\n    return 'Buenas'}","codeType":"JAVASCRIPT"},"isPosibleNull":false,"isArray":false},"id":"Velma"},{"buenas":1661656213113,"btbeet":{"id":1661641547656,"name":"btbeet","dataType":{"type":"CUSTOM","code":"function getValue(){\r\n    console.log(this.id, this.buenas)\r\n    return 'Buenas'}","codeType":"JAVASCRIPT"},"isPosibleNull":false,"isArray":false},"id":"Molly"},{"buenas":1661656213197,"btbeet":{"id":1661641547656,"name":"btbeet","dataType":{"type":"CUSTOM","code":"function getValue(){\r\n    console.log(this.id, this.buenas)\r\n    return 'Buenas'}","codeType":"JAVASCRIPT"},"isPosibleNull":false,"isArray":false},"id":"Jo"},{"buenas":1661656213330,"btbeet":{"id":1661641547656,"name":"btbeet","dataType":{"type":"CUSTOM","code":"function getValue(){\r\n    console.log(this.id, this.buenas)\r\n    return 'Buenas'}","codeType":"JAVASCRIPT"},"isPosibleNull":false,"isArray":false},"id":"Jacqueline"},{"buenas":1661656213467,"btbeet":{"id":1661641547656,"name":"btbeet","dataType":{"type":"CUSTOM","code":"function getValue(){\r\n    console.log(this.id, this.buenas)\r\n    return 'Buenas'}","codeType":"JAVASCRIPT"},"isPosibleNull":false,"isArray":false},"id":"Ana"},{"buenas":1661656213523,"btbeet":{"id":1661641547656,"name":"btbeet","dataType":{"type":"CUSTOM","code":"function getValue(){\r\n    console.log(this.id, this.buenas)\r\n    return 'Buenas'}","codeType":"JAVASCRIPT"},"isPosibleNull":false,"isArray":false},"id":"Jennie"},{"buenas":1661656213542,"btbeet":{"id":1661641547656,"name":"btbeet","dataType":{"type":"CUSTOM","code":"function getValue(){\r\n    console.log(this.id, this.buenas)\r\n    return 'Buenas'}","codeType":"JAVASCRIPT"},"isPosibleNull":false,"isArray":false},"id":"Kristie"},{"buenas":1661656213564,"btbeet":{"id":1661641547656,"name":"btbeet","dataType":{"type":"CUSTOM","code":"function getValue(){\r\n    console.log(this.id, this.buenas)\r\n    return 'Buenas'}","codeType":"JAVASCRIPT"},"isPosibleNull":false,"isArray":false},"id":"Faye"},{"buenas":1661656213587,"btbeet":{"id":1661641547656,"name":"btbeet","dataType":{"type":"CUSTOM","code":"function getValue(){\r\n    console.log(this.id, this.buenas)\r\n    return 'Buenas'}","codeType":"JAVASCRIPT"},"isPosibleNull":false,"isArray":false},"id":"Silvia"},{"buenas":1661656213608,"btbeet":{"id":1661641547656,"name":"btbeet","dataType":{"type":"CUSTOM","code":"function getValue(){\r\n    console.log(this.id, this.buenas)\r\n    return 'Buenas'}","codeType":"JAVASCRIPT"},"isPosibleNull":false,"isArray":false},"id":"Kari"},{"buenas":1661656213626,"btbeet":{"id":1661641547656,"name":"btbeet","dataType":{"type":"CUSTOM","code":"function getValue(){\r\n    console.log(this.id, this.buenas)\r\n    return 'Buenas'}","codeType":"JAVASCRIPT"},"isPosibleNull":false,"isArray":false},"id":"Ora"},{"buenas":1661656213646,"btbeet":{"id":1661641547656,"name":"btbeet","dataType":{"type":"CUSTOM","code":"function getValue(){\r\n    console.log(this.id, this.buenas)\r\n    return 'Buenas'}","codeType":"JAVASCRIPT"},"isPosibleNull":false,"isArray":false},"id":"Johanna"},{"buenas":1661656213669,"btbeet":{"id":1661641547656,"name":"btbeet","dataType":{"type":"CUSTOM","code":"function getValue(){\r\n    console.log(this.id, this.buenas)\r\n    return 'Buenas'}","codeType":"JAVASCRIPT"},"isPosibleNull":false,"isArray":false},"id":"Cora"},{"buenas":1661656213688,"btbeet":{"id":1661641547656,"name":"btbeet","dataType":{"type":"CUSTOM","code":"function getValue(){\r\n    console.log(this.id, this.buenas)\r\n    return 'Buenas'}","codeType":"JAVASCRIPT"},"isPosibleNull":false,"isArray":false},"id":"Darla"},{"buenas":1661656213709,"btbeet":{"id":1661641547656,"name":"btbeet","dataType":{"type":"CUSTOM","code":"function getValue(){\r\n    console.log(this.id, this.buenas)\r\n    return 'Buenas'}","codeType":"JAVASCRIPT"},"isPosibleNull":false,"isArray":false},"id":"Leah"},{"buenas":1661656213733,"btbeet":{"id":1661641547656,"name":"btbeet","dataType":{"type":"CUSTOM","code":"function getValue(){\r\n    console.log(this.id, this.buenas)\r\n    return 'Buenas'}","codeType":"JAVASCRIPT"},"isPosibleNull":false,"isArray":false},"id":"Charlotte"},{"buenas":1661656213759,"btbeet":{"id":1661641547656,"name":"btbeet","dataType":{"type":"CUSTOM","code":"function getValue(){\r\n    console.log(this.id, this.buenas)\r\n    return 'Buenas'}","codeType":"JAVASCRIPT"},"isPosibleNull":false,"isArray":false},"id":"Yvonne"},{"buenas":1661656213781,"btbeet":{"id":1661641547656,"name":"btbeet","dataType":{"type":"CUSTOM","code":"function getValue(){\r\n    console.log(this.id, this.buenas)\r\n    return 'Buenas'}","codeType":"JAVASCRIPT"},"isPosibleNull":false,"isArray":false},"id":"Christie"},{"buenas":1661656213806,"btbeet":{"id":1661641547656,"name":"btbeet","dataType":{"type":"CUSTOM","code":"function getValue(){\r\n    console.log(this.id, this.buenas)\r\n    return 'Buenas'}","codeType":"JAVASCRIPT"},"isPosibleNull":false,"isArray":false},"id":"Mable"},{"buenas":1661656213828,"btbeet":{"id":1661641547656,"name":"btbeet","dataType":{"type":"CUSTOM","code":"function getValue(){\r\n    console.log(this.id, this.buenas)\r\n    return 'Buenas'}","codeType":"JAVASCRIPT"},"isPosibleNull":false,"isArray":false},"id":"Joy"},{"buenas":1661656213848,"btbeet":{"id":1661641547656,"name":"btbeet","dataType":{"type":"CUSTOM","code":"function getValue(){\r\n    console.log(this.id, this.buenas)\r\n    return 'Buenas'}","codeType":"JAVASCRIPT"},"isPosibleNull":false,"isArray":false},"id":"Tracey"},{"buenas":1661656213872,"btbeet":{"id":1661641547656,"name":"btbeet","dataType":{"type":"CUSTOM","code":"function getValue(){\r\n    console.log(this.id, this.buenas)\r\n    return 'Buenas'}","codeType":"JAVASCRIPT"},"isPosibleNull":false,"isArray":false},"id":"Lauren"},{"buenas":1661656213895,"btbeet":{"id":1661641547656,"name":"btbeet","dataType":{"type":"CUSTOM","code":"function getValue(){\r\n    console.log(this.id, this.buenas)\r\n    return 'Buenas'}","codeType":"JAVASCRIPT"},"isPosibleNull":false,"isArray":false},"id":"Johanna"},{"buenas":1661656213919,"btbeet":{"id":1661641547656,"name":"btbeet","dataType":{"type":"CUSTOM","code":"function getValue(){\r\n    console.log(this.id, this.buenas)\r\n    return 'Buenas'}","codeType":"JAVASCRIPT"},"isPosibleNull":false,"isArray":false},"id":"Shirley"}]}