{"First Dataset":[{"id":"030a6576cdd1cc98dde8bc1a","firstName":"District Functionality Consultant","avatar":"https://api.multiavatar.com/607.svg"},{"id":"deecd74d177a69f1faca3261","firstName":"Product Functionality Orchestrator","avatar":"https://api.multiavatar.com/656.svg"},{"id":"edfdb5c2ffa98966dd59eead","firstName":"Dynamic Data Manager","avatar":"https://api.multiavatar.com/292.svg"},{"id":"dfc5b131aff2a9a42fe41dad","firstName":"Customer Functionality Technician","avatar":"https://api.multiavatar.com/592.svg"},{"id":"fcfae6fa3e2f38cb1bfc0ad7","firstName":"Corporate Creative Developer","avatar":"https://api.multiavatar.com/842.svg"},{"id":"d013dccbdf4d384beebfd7cf","firstName":"Lead Quality Consultant","avatar":"https://api.multiavatar.com/557.svg"},{"id":"bfcabb61fd6d1d7ede9bfb5e","firstName":"Customer Implementation Designer","avatar":"https://api.multiavatar.com/184.svg"},{"id":"ec6ccdca64c597bd2f5c69cd","firstName":"Principal Paradigm Officer","avatar":"https://api.multiavatar.com/521.svg"},{"id":"045d9fcaddaa95bdb836a23b","firstName":"Corporate Assurance Associate","avatar":"https://api.multiavatar.com/699.svg"},{"id":"de0d51cd6a4b49f38cf21cff","firstName":"Internal Applications Administrator","avatar":"https://api.multiavatar.com/125.svg"},{"id":"af8ad4d0297af9bd4efcb92b","firstName":"Senior Optimization Architect","avatar":"https://api.multiavatar.com/482.svg"},{"id":"bd4c9a8b0fbf2814ae012ef9","firstName":"Legacy Division Agent","avatar":"https://api.multiavatar.com/96.svg"},{"id":"e468fcf1bdc0927f2d15df2b","firstName":"Principal Assurance Orchestrator","avatar":"https://api.multiavatar.com/112.svg"},{"id":"aae3bff47a5e3d62bbba075e","firstName":"Customer Usability Analyst","avatar":"https://api.multiavatar.com/990.svg"},{"id":"5860b5cdf5cbaa2b926a3bd0","firstName":"Senior Solutions Consultant","avatar":"https://api.multiavatar.com/682.svg"},{"id":"dad6c71ba81a233737bfe71a","firstName":"Investor Research Strategist","avatar":"https://api.multiavatar.com/878.svg"},{"id":"da3264fdec25398e591ecffe","firstName":"Future Accounts Liaison","avatar":"https://api.multiavatar.com/274.svg"},{"id":"cdbf84decf18c830f299e5dd","firstName":"Dynamic Quality Assistant","avatar":"https://api.multiavatar.com/342.svg"},{"id":"ab9af1f7bff223fcca74c4b4","firstName":"Principal Quality Manager","avatar":"https://api.multiavatar.com/798.svg"},{"id":"ef13a15edb933d8c193cb8fa","firstName":"Regional Factors Specialist","avatar":"https://api.multiavatar.com/747.svg"},{"id":"3f1bfd9eb7bc8d9c43f338ea","firstName":"Internal Solutions Agent","avatar":"https://api.multiavatar.com/524.svg"},{"id":"b01f8619f985d736f1c7ece4","firstName":"Global Program Coordinator","avatar":"https://api.multiavatar.com/337.svg"},{"id":"8a30ebbe3db3a595aadc5883","firstName":"International Brand Planner","avatar":"https://api.multiavatar.com/103.svg"},{"id":"ac92fe5a1ad9fb939771adff","firstName":"Internal Interactions Supervisor","avatar":"https://api.multiavatar.com/518.svg"},{"id":"d4d1a7875dcfba11c35e7ade","firstName":"Lead Assurance Strategist","avatar":"https://api.multiavatar.com/985.svg"},{"id":"1ce40f32cc3e0e00bdb04500","firstName":"Legacy Usability Director","avatar":"https://api.multiavatar.com/848.svg"},{"id":"fbeb4acedee799bcdc2bec72","firstName":"International Research Administrator","avatar":"https://api.multiavatar.com/773.svg"},{"id":"ecd305a0deb1e4cca5106b40","firstName":"Customer Data Orchestrator","avatar":"https://api.multiavatar.com/19.svg"},{"id":"e6ebca0eb47a6fbfcbbfe9b1","firstName":"Product Accountability Analyst","avatar":"https://api.multiavatar.com/54.svg"},{"id":"c8adf02810fd8af8f6cefbcd","firstName":"Corporate Creative Associate","avatar":"https://api.multiavatar.com/713.svg"},{"id":"dbe18cbd9cf1fac1df0ede43","firstName":"Forward Assurance Producer","avatar":"https://api.multiavatar.com/67.svg"},{"id":"afd977df22a8c9b5f5a64bf1","firstName":"International Accountability Director","avatar":"https://api.multiavatar.com/509.svg"},{"id":"9cd81f3c219bb9609acb5ff9","firstName":"District Marketing Orchestrator","avatar":"https://api.multiavatar.com/932.svg"},{"id":"9b91cfcedbcc7dbdcbe276bb","firstName":"Internal Factors Developer","avatar":"https://api.multiavatar.com/750.svg"},{"id":"6699ae4aefa9e0f0bdabe8aa","firstName":"Forward Implementation Analyst","avatar":"https://api.multiavatar.com/111.svg"},{"id":"e58b9c1da336efbb2d0f85f5","firstName":"Regional Security Consultant","avatar":"https://api.multiavatar.com/758.svg"},{"id":"3e5c14d3019c871fdfeedafa","firstName":"Customer Integration Supervisor","avatar":"https://api.multiavatar.com/13.svg"},{"id":"007b24527f88c1bdd2cb5b5f","firstName":"Central Factors Consultant","avatar":"https://api.multiavatar.com/476.svg"},{"id":"4a0bce4c9d5d7eb022bf1286","firstName":"Senior Interactions Executive","avatar":"https://api.multiavatar.com/355.svg"},{"id":"0cd7336106c6f42770cba26a","firstName":"Chief Tactics Assistant","avatar":"https://api.multiavatar.com/307.svg"},{"id":"4e5d414473b4ba792da0912c","firstName":"Future Program Orchestrator","avatar":"https://api.multiavatar.com/389.svg"},{"id":"3168e9681733a4abda52d9b4","firstName":"Customer Marketing Designer","avatar":"https://api.multiavatar.com/661.svg"},{"id":"0727f5db6605beea9c90a1a4","firstName":"Global Infrastructure Officer","avatar":"https://api.multiavatar.com/419.svg"},{"id":"ee65870d07ace3f26e3ae34b","firstName":"Lead Implementation Associate","avatar":"https://api.multiavatar.com/417.svg"},{"id":"2dca2ed10ca0f8cf742ec1cd","firstName":"Direct Metrics Assistant","avatar":"https://api.multiavatar.com/32.svg"},{"id":"d4bb7da5f2510d0ca1cceb8f","firstName":"Corporate Security Architect","avatar":"https://api.multiavatar.com/156.svg"},{"id":"e29dbfa101d76e3dcc81a8ac","firstName":"Future Marketing Liaison","avatar":"https://api.multiavatar.com/854.svg"},{"id":"be7effddbabde8c7fcfc9f21","firstName":"Lead Factors Administrator","avatar":"https://api.multiavatar.com/387.svg"},{"id":"b965244ce8dcb862ad1fadd2","firstName":"Principal Quality Representative","avatar":"https://api.multiavatar.com/621.svg"},{"id":"6db86b55bc1a0d92a2ca29ba","firstName":"Chief Tactics Associate","avatar":"https://api.multiavatar.com/598.svg"}]}