{"First Dataset":[{"rbtebeb":1661653294579,"btbeet":"Buenas","khihohi":"Angelica"},{"rbtebeb":1661653294625,"btbeet":"Buenas","khihohi":"Kim"},{"rbtebeb":1661653294662,"btbeet":"Buenas","khihohi":"Inez"},{"rbtebeb":1661653294692,"btbeet":"Buenas","khihohi":"Johnnie"},{"rbtebeb":1661653294722,"btbeet":"Buenas","khihohi":"Danielle"},{"rbtebeb":1661653294747,"btbeet":"Buenas","khihohi":"Katherine"},{"rbtebeb":1661653294774,"btbeet":"Buenas","khihohi":"Kate"},{"rbtebeb":1661653294805,"btbeet":"Buenas","khihohi":"Mildred"},{"rbtebeb":1661653294830,"btbeet":"Buenas","khihohi":"Bonnie"},{"rbtebeb":1661653294859,"btbeet":"Buenas","khihohi":"Jamie"},{"rbtebeb":1661653294883,"btbeet":"Buenas","khihohi":"Miranda"},{"rbtebeb":1661653294910,"btbeet":"Buenas","khihohi":"Carmen"},{"rbtebeb":1661653294934,"btbeet":"Buenas","khihohi":"Susan"},{"rbtebeb":1661653294956,"btbeet":"Buenas","khihohi":"Estelle"},{"rbtebeb":1661653294985,"btbeet":"Buenas","khihohi":"Judith"},{"rbtebeb":1661653295004,"btbeet":"Buenas","khihohi":"Phyllis"},{"rbtebeb":1661653295042,"btbeet":"Buenas","khihohi":"Lindsey"},{"rbtebeb":1661653295101,"btbeet":"Buenas","khihohi":"Tabitha"},{"rbtebeb":1661653295207,"btbeet":"Buenas","khihohi":"Angela"},{"rbtebeb":1661653295314,"btbeet":"Buenas","khihohi":"Kathy"},{"rbtebeb":1661653295422,"btbeet":"Buenas","khihohi":"Lana"},{"rbtebeb":1661653295450,"btbeet":"Buenas","khihohi":"Sally"},{"rbtebeb":1661653295473,"btbeet":"Buenas","khihohi":"Pauline"},{"rbtebeb":1661653295494,"btbeet":"Buenas","khihohi":"Jacquelyn"},{"rbtebeb":1661653295518,"btbeet":"Buenas","khihohi":"Tracey"},{"rbtebeb":1661653295544,"btbeet":"Buenas","khihohi":"Olivia"},{"rbtebeb":1661653295571,"btbeet":"Buenas","khihohi":"Beatrice"},{"rbtebeb":1661653295596,"btbeet":"Buenas","khihohi":"Renee"},{"rbtebeb":1661653295617,"btbeet":"Buenas","khihohi":"Christina"},{"rbtebeb":1661653295637,"btbeet":"Buenas","khihohi":"Tina"},{"rbtebeb":1661653295658,"btbeet":"Buenas","khihohi":"Eloise"},{"rbtebeb":1661653295679,"btbeet":"Buenas","khihohi":"Catherine"},{"rbtebeb":1661653295698,"btbeet":"Buenas","khihohi":"Sheryl"},{"rbtebeb":1661653295718,"btbeet":"Buenas","khihohi":"Winifred"},{"rbtebeb":1661653295737,"btbeet":"Buenas","khihohi":"Ebony"},{"rbtebeb":1661653295759,"btbeet":"Buenas","khihohi":"Carrie"},{"rbtebeb":1661653295784,"btbeet":"Buenas","khihohi":"Raquel"},{"rbtebeb":1661653295809,"btbeet":"Buenas","khihohi":"Charlene"},{"rbtebeb":1661653295830,"btbeet":"Buenas","khihohi":"Hazel"},{"rbtebeb":1661653295849,"btbeet":"Buenas","khihohi":"Sophia"},{"rbtebeb":1661653295866,"btbeet":"Buenas","khihohi":"Donna"},{"rbtebeb":1661653295886,"btbeet":"Buenas","khihohi":"Francis"},{"rbtebeb":1661653295906,"btbeet":"Buenas","khihohi":"Natalie"},{"rbtebeb":1661653295925,"btbeet":"Buenas","khihohi":"Joan"},{"rbtebeb":1661653295947,"btbeet":"Buenas","khihohi":"Lindsay"},{"rbtebeb":1661653295967,"btbeet":"Buenas","khihohi":"Vickie"},{"rbtebeb":1661653295986,"btbeet":"Buenas","khihohi":"Beth"},{"rbtebeb":1661653296007,"btbeet":"Buenas","khihohi":"Phyllis"},{"rbtebeb":1661653296029,"btbeet":"Buenas","khihohi":"Margarita"},{"rbtebeb":1661653296047,"btbeet":"Buenas","khihohi":"Elsie"}]}